ID,Name,Department,Salary,Email
1,Ivy Clark,Operations,49662,ivy.clark@example.com
2,Grace Miller,IT,61923,grace.miller@example.com
3,Karen Xu,Sales,109685,karen.xu@example.com
4,Karen Evans,Finance,105968,karen.evans@example.com
5,Victor Underwood,Sales,87480,victor.underwood@example.com
6,Henry Zimmerman,Operations,105242,henry.zimmerman@example.com
7,Nate Turner,Engineering,115302,nate.turner@example.com
8,Frank Brown,Support,82794,frank.brown@example.com
9,Nate Xu,Finance,65897,nate.xu@example.com
10,Carol Garcia,Marketing,53173,carol.garcia@example.com
11,Victor Johnson,Finance,63725,victor.johnson@example.com
12,Uma Evans,Finance,48384,uma.evans@example.com
13,Mona Garcia,Sales,71456,mona.garcia@example.com
14,Mona Perez,Product,111359,mona.perez@example.com
15,David Franklin,HR,59953,david.franklin@example.com
16,Frank White,Legal,70960,frank.white@example.com
17,Carol King,Engineering,64800,carol.king@example.com
18,Olivia Perez,Operations,77868,olivia.perez@example.com
19,Henry Xu,Finance,72747,henry.xu@example.com
20,Victor Garcia,Engineering,96838,victor.garcia@example.com
21,Alice Vasquez,Operations,91788,alice.vasquez@example.com
22,Leo Zimmerman,Engineering,47391,leo.zimmerman@example.com
23,Jack Smith,IT,74334,jack.smith@example.com
24,Wendy King,Support,50969,wendy.king@example.com
25,Leo Young,Marketing,62066,leo.young@example.com
26,Tina Anderson,Product,82865,tina.anderson@example.com
27,David Lewis,Finance,107974,david.lewis@example.com
28,Jack Xu,Finance,81980,jack.xu@example.com
29,Alice Turner,Marketing,102803,alice.turner@example.com
30,Rita Xu,Legal,60782,rita.xu@example.com
31,Grace Johnson,Finance,49133,grace.johnson@example.com
32,Xander King,IT,94983,xander.king@example.com
33,Yara Miller,Marketing,110806,yara.miller@example.com
34,Quinn Garcia,Product,79945,quinn.garcia@example.com
35,Eva Clark,Operations,105870,eva.clark@example.com
36,Paul Zimmerman,Finance,113290,paul.zimmerman@example.com
37,Paul Lewis,Engineering,74151,paul.lewis@example.com
38,Uma Miller,Engineering,101365,uma.miller@example.com
39,Jack Xu,Operations,49722,jack.xu@example.com
40,Grace Xu,Sales,104987,grace.xu@example.com
41,David Evans,Marketing,105124,david.evans@example.com
42,Mona Zimmerman,Support,96367,mona.zimmerman@example.com
43,Paul Clark,Finance,46210,paul.clark@example.com
44,Tina Miller,Sales,53695,tina.miller@example.com
45,Jack Underwood,Support,49116,jack.underwood@example.com
46,Victor Anderson,Product,99510,victor.anderson@example.com
47,Frank Owens,Sales,47467,frank.owens@example.com
48,Alice White,Legal,56226,alice.white@example.com
49,Olivia Davis,Product,74078,olivia.davis@example.com
50,Paul Turner,Product,89320,paul.turner@example.com
51,Uma Anderson,Support,61397,uma.anderson@example.com
52,Alice Evans,Finance,62444,alice.evans@example.com
53,Leo Zimmerman,Finance,67284,leo.zimmerman@example.com
54,Xander Evans,Product,99122,xander.evans@example.com
55,Henry Davis,HR,109932,henry.davis@example.com
56,Quinn Roberts,IT,79569,quinn.roberts@example.com
57,David Nelson,Operations,59980,david.nelson@example.com
58,Xander Anderson,Sales,116686,xander.anderson@example.com
59,Leo Perez,Support,48820,leo.perez@example.com
60,Henry Roberts,Product,77300,henry.roberts@example.com
61,Leo Johnson,HR,95109,leo.johnson@example.com
62,Eva Roberts,Operations,63067,eva.roberts@example.com
63,Sam Evans,Sales,69798,sam.evans@example.com
64,Quinn Garcia,HR,51716,quinn.garcia@example.com
65,Carol Franklin,Support,102325,carol.franklin@example.com
66,Jack Franklin,Operations,111178,jack.franklin@example.com
67,Wendy Turner,Legal,85147,wendy.turner@example.com
68,Quinn Owens,Finance,57018,quinn.owens@example.com
69,Quinn Owens,Engineering,45352,quinn.owens@example.com
70,Yara Irwin,Support,70497,yara.irwin@example.com
71,Jack Brown,Legal,61386,jack.brown@example.com
72,Victor Irwin,Sales,52960,victor.irwin@example.com
73,Grace Underwood,IT,69543,grace.underwood@example.com
74,Victor Smith,Sales,68271,victor.smith@example.com
75,Karen Turner,HR,117219,karen.turner@example.com
76,Jack Brown,Support,67771,jack.brown@example.com
77,Quinn Xu,Engineering,58508,quinn.xu@example.com
78,Tina Xu,Sales,75369,tina.xu@example.com
79,Wendy Turner,Operations,54475,wendy.turner@example.com
80,Rita Quinn,Marketing,93279,rita.quinn@example.com
81,Eva Roberts,Operations,111394,eva.roberts@example.com
82,Quinn Miller,Engineering,76570,quinn.miller@example.com
83,Nate Brown,Sales,91970,nate.brown@example.com
84,Paul Harris,Product,72317,paul.harris@example.com
85,Alice Johnson,Operations,78246,alice.johnson@example.com
86,Leo Nelson,Legal,102499,leo.nelson@example.com
87,Zane King,IT,76666,zane.king@example.com
88,Sam Underwood,Legal,97288,sam.underwood@example.com
89,Grace King,Engineering,52598,grace.king@example.com
90,Mona Garcia,Product,110224,mona.garcia@example.com
91,Yara Owens,Operations,65197,yara.owens@example.com
92,Victor Harris,Product,100315,victor.harris@example.com
93,Sam Davis,Engineering,64390,sam.davis@example.com
94,Xander Davis,Engineering,98774,xander.davis@example.com
95,Olivia Nelson,HR,62888,olivia.nelson@example.com
96,Ivy Vasquez,IT,99724,ivy.vasquez@example.com
97,Jack Quinn,Operations,85145,jack.quinn@example.com
98,Uma Quinn,Legal,82649,uma.quinn@example.com
99,Quinn Xu,HR,71610,quinn.xu@example.com
100,Zane Irwin,Product,52205,zane.irwin@example.com
101,Suzy Spaniel,HouseSitting,347,suzy@dog.com
